segment	routine	legacy_status	port_state	callers	calls	asm_lines	source_evidence	note
seg000	stuntsmain	ported	c_active_with_asm	1	106	490	src/restunts/c/restunts.c	-
seg000	run_intro_looped	pending	asm_only	2	30	92	-	-
seg000	run_intro	pending	asm_only	1	28	78	-	-
seg000	load_intro_resources	pending	asm_only	1	206	712	-	-
seg000	run_menu	pending	asm_only	1	30	139	-	-
seg000	run_tracks_menu	pending	asm_only	1	114	436	-	-
seg000	highscore_write_a	pending	asm_only	4	12	99	-	-
seg000	highscore_text_unk	pending	asm_only	5	56	220	-	-
seg000	print_highscore_entry	pending	asm_only	2	20	131	-	-
seg000	enter_hiscore	pending	asm_only	2	30	153	-	-
seg000	highscore_write_b	pending	asm_only	1	4	58	-	-
seg000	run_car_menu	pending	asm_only	2	212	1171	-	-
seg000	run_opponent_menu	pending	asm_only	1	112	535	-	-
seg000	run_option_menu	pending	asm_only	1	54	206	-	-
seg000	end_hiscore	pending	asm_only	1	382	1739	-	-
seg000	security_check	pending	asm_only	2	36	180	-	-
seg000	set_default_car	ported	c_active_with_asm	1	0	10	src/restunts/c/restunts.c:249	-
seg001	opponent_op	pending	asm_only	2	40	613	-	-
seg001	mat_mul_vector2	ported	c_active_with_asm	2	2	27	src/restunts/c/math.c:180	-
seg001	update_player_state	ported	c_active_with_asm	2	170	2464	src/restunts/c/stateply.c:62	-
seg001	init_carstate_from_simd	ported	c_active_with_asm	3	0	226	src/restunts/c/restunts.c:370	-
seg001	init_game_state	ported	c_active_with_asm	11	60	435	src/restunts/c/restunts.c:443	-
seg001	restore_gamestate	ported	c_active_with_asm	5	8	94	src/restunts/c/restunts.c:583	-
seg001	update_gamestate	ported	c_active_with_asm	5	26	182	src/restunts/c/restunts.c:619	-
seg001	player_op	ported	c_active_with_asm	2	44	589	src/restunts/c/state.c:207	-
seg001	detect_penalty	pending	asm_only	1	0	223	-	-
seg001	update_car_speed	ported	c_active_with_asm	3	16	492	src/restunts/c/statecar.c:50	The active C wrapper immediately calls the preserved assembly routine; the following translation is unreachable.
seg001	update_grip	pending	asm_only	2	12	438	-	-
seg001	car_car_speed_adjust_maybe	pending	asm_only	1	18	142	-	-
seg001	carState_rc_op	pending	asm_only	1	0	163	-	-
seg001	upd_statef20_from_steer_input	pending	asm_only	1	2	105	-	-
seg001	audio_carstate	pending	asm_only	13	20	391	-	-
seg001	audio_unk3	pending	asm_only	1	4	16	-	-
seg001	sub_18D06	pending	asm_only	1	4	30	-	-
seg001	sub_18D60	pending	asm_only	10	0	320	-	-
seg001	car_car_coll_detect_maybe	pending	asm_only	5	18	352	-	-
seg001	init_plantrak	pending	asm_only	1	6	148	-	-
seg001	do_opponent_op	pending	asm_only	1	2	4	-	-
seg001	update_crash_state	ported	c_active_with_asm	16	6	152	src/restunts/c/statecrs.c:19	-
seg001	plane_rotate_op	ported	c_active_with_asm	5	20	163	src/restunts/c/math.c:920	-
seg001	plane_origin_op	ported	c_active_with_asm	7	2	50	src/restunts/c/math.c:882	-
seg001	vec_normalInnerProduct	ported	c_active_with_asm	1	8	62	src/restunts/c/math.c:875	-
seg001	state_op_unk	pending	asm_only	2	10	138	-	-
seg001	sub_19BA0	pending	asm_only	1	4	96	-	-
seg001	setup_aero_trackdata	ported	c_active_with_asm	4	18	133	src/restunts/c/restunts.c:724	-
seg002	update_rpm_from_speed	ported	c_active_with_asm	1	0	16	src/restunts/c/statecar.c:6	-
seg002	nopsub_19DE8	ignore	not_required	0	0	16	-	-
seg002	nopsub_19DFF	ignore	not_required	0	0	6	-	-
seg002	nopsub_19E09	ignore	not_required	0	0	6	-	-
seg002	nopsub_19E13	ignore	not_required	0	0	10	-	-
seg002	init_kevinrandom	ported	c_active_with_asm	2	0	19	src/restunts/c/restunts.c:152	-
seg002	get_kevinrandom_seed	ported	c_active_with_asm	1	0	19	src/restunts/c/restunts.c:161	-
seg002	get_kevinrandom	ported	c_active_with_asm	13	0	25	src/restunts/c/restunts.c:170	-
seg002	intr0_handler	pending	asm_only	0	0	16	-	-
seg002	init_div0	ported	c_active_with_asm	1	0	15	src/restunts/c/restunts.c:1390	The C entry point delegates interrupt installation to ported_init_div0_.
seg003	sub_19F14	pending	asm_only	1	20	146	-	-
seg003	init_rect_arrays	pending	asm_only	2	0	59	-	-
seg003	update_frame	ported	c_active_with_asm	1	162	3038	src/restunts/c/frame.c:331	-
seg003	skybox_op_helper2	pending	asm_only	3	20	128	-	-
seg003	skybox_op	pending	asm_only	1	68	650	-	-
seg003	transformed_shape_add_for_sort	pending	asm_only	9	2	44	-	-
seg003	draw_track_preview	pending	asm_only	1	42	512	-	-
seg003	draw_ingame_text	pending	asm_only	2	82	393	-	-
seg003	do_sinking	pending	asm_only	2	8	56	-	-
seg003	init_crak	pending	asm_only	2	26	203	-	-
seg003	load_skybox	pending	asm_only	2	6	94	-	-
seg003	unload_skybox	pending	asm_only	3	2	9	-	-
seg003	load_sdgame2_shapes	pending	asm_only	1	4	39	-	-
seg003	free_sdgame2	pending	asm_only	1	2	6	-	-
seg003	setup_intro	pending	asm_only	1	90	468	-	-
seg003	intro_op	pending	asm_only	1	32	294	-	-
seg004	build_track_object	pending	asm_only	4	82	2208	-	-
seg004	bto_auxiliary1	pending	asm_only	1	0	364	-	-
seg004	shape3d_load_all	ported	c_active_with_asm	2	12	78	src/restunts/c/shape3d.c:49	-
seg004	shape3d_free_all	ported	c_active_with_asm	2	4	16	src/restunts/c/shape3d.c:75	-
seg004	shape3d_load_car_shapes	ported	c_active_with_asm	2	64	452	src/restunts/c/shape3d.c:4955	-
seg004	shape3d_free_car_shapes	ported	c_active_with_asm	3	8	48	src/restunts/c/shape3d.c:5092	-
seg004	sub_204AE	ported	c_active_with_asm	4	20	215	src/restunts/c/shape3d.c:5044	-
seg004	track_setup	pending	asm_only	6	6	1484	-	-
seg004	load_opponent_data	pending	asm_only	2	12	213	-	-
seg004	subst_hillroad_track	pending	asm_only	5	0	125	-	-
seg005	run_game	ported	c_active_with_asm	1	164	716	src/restunts/c/restunts.c:967	-
seg005	handle_ingame_kb_shortcuts	pending	asm_only	2	8	113	-	-
seg005	init_unknown	ported	c_active_with_asm	2	0	16	src/restunts/c/restunts.c:360	-
seg005	set_frame_callback	pending	asm_only	1	2	9	-	-
seg005	remove_frame_callback	pending	asm_only	1	4	14	-	-
seg005	frame_callback	pending	asm_only	0	12	87	-	-
seg005	replay_unk2	pending	asm_only	4	26	289	-	-
seg005	sub_2298C	pending	asm_only	1	14	312	-	-
seg005	file_load_replay	ported	c_active_with_asm	3	4	36	src/restunts/c/fileio.c:983	-
seg005	file_write_replay	ported	c_active_with_asm	1	2	33	src/restunts/c/fileio.c:994	-
seg005	setup_car_shapes	pending	asm_only	4	134	862	-	-
seg005	setup_player_cars	ported	c_active_with_asm	2	60	235	src/restunts/c/restunts.c:853	-
seg005	free_player_cars	ported	c_active_with_asm	3	24	42	src/restunts/c/restunts.c:943	-
seg005	mouse_minmax_position	pending	asm_only	5	6	33	-	-
seg005	replay_unk	pending	asm_only	1	0	68	-	-
seg005	loop_game	pending	asm_only	28	290	1733	-	-
seg006	init_polyinfo	ported	c_active_with_asm	1	12	38	src/restunts/c/shape3d.c:2700	-
seg006	copy_material_list_pointers	ported	c_active_with_asm	1	0	15	src/restunts/c/restunts.c:1419	-
seg006	polyinfo_reset	ported	c_active_with_asm	2	0	7	src/restunts/c/shape3d.c:2685	-
seg006	select_cliprect_rotate	ported	c_active_with_asm	4	10	67	src/restunts/c/shape3d.c:2667	-
seg006	transformed_shape_op	ported	c_active_with_asm	16	88	1398	src/restunts/c/shape3d.c:142	-
seg006	transformed_shape_op_helper	ported	c_active_with_asm	1	0	74	-	-
seg006	rect_compare_point	ported	c_active_with_asm	6	0	32	src/restunts/c/math.c:125	-
seg006	transformed_shape_op_helper3	ported	c_active_with_asm	2	4	86	-	-
seg006	get_a_poly_info	pending	c_translation_inactive	4	16	188	src/restunts/c/shape3d.c:2711	An incomplete C translation is disabled with #if 0.
seg006	mat_rot_zxy	ported	c_active_with_asm	24	16	159	src/restunts/c/math.c:339	-
seg006	rect_adjust_from_point	ported	c_active_with_asm	15	0	33	src/restunts/c/math.c:372	-
seg006	vector_op_unk2	ported	c_active_with_asm	1	14	126	src/restunts/c/math.c:727	-
seg006	calc_sincos80	ported	c_active_with_asm	1	8	30	src/restunts/c/shape3d.c:2693	-
seg006	nopsub_26552	ignore	not_required	0	0	15	-	-
seg006	rect_union	ported	c_active_with_asm	17	0	47	src/restunts/c/math.c:394	-
seg006	rect_intersect	ported	c_active_with_asm	8	0	56	src/restunts/c/math.c:435	-
seg006	rectlist_add_rect	ported	c_active_with_asm	4	14	347	src/restunts/c/math.c:514	-
seg006	rect_is_overlapping	ported	c_active_with_asm	1	0	29	src/restunts/c/math.c:480	-
seg006	rect_is_inside	ported	c_active_with_asm	2	0	26	src/restunts/c/math.c:460	-
seg006	rect_is_adjacent	ported	c_active_with_asm	1	0	57	src/restunts/c/math.c:500	-
seg006	rectlist_add_rects	ported	c_active_with_asm	4	6	106	src/restunts/c/math.c:654	-
seg006	rect_array_sort_by_top	ported	c_active_with_asm	1	2	48	src/restunts/c/math.c:711	-
seg007	audio_add_driver_timer	pending	asm_only	1	2	15	-	-
seg007	audio_remove_driver_timer	pending	asm_only	2	4	21	-	-
seg007	pad_id	pending	asm_only	9	0	21	-	-
seg007	audio_init_engine	pending	asm_only	2	39	253	-	-
seg007	audio_op_unk	pending	asm_only	2	6	51	-	-
seg007	audio_function2	pending	asm_only	6	2	21	-	-
seg007	audio_driver_timer	pending	asm_only	0	16	153	-	-
seg007	audio_op_unk2	pending	asm_only	2	8	87	-	-
seg007	nopsub_27220	ignore	not_required	0	4	34	-	-
seg007	nopsub_2726C	ignore	not_required	0	4	30	-	-
seg007	nopsub_272B0	ignore	not_required	0	4	30	-	-
seg007	audio_function2_wrap	pending	asm_only	2	4	30	-	-
seg007	audio_op_unk3	pending	asm_only	1	2	26	-	-
seg007	audio_op_unk4	pending	asm_only	1	2	26	-	-
seg007	audio_op_unk5	pending	asm_only	1	4	37	-	-
seg007	audio_op_unk6	pending	asm_only	1	4	37	-	-
seg007	audio_op_unk7	pending	asm_only	3	2	15	-	-
seg007	nopsub_27489	ignore	not_required	0	2	19	-	-
seg008	sub_274B0	pending	asm_only	1	16	114	-	-
seg008	sub_275C6	pending	asm_only	5	10	81	-	-
seg008	show_dialog	pending	asm_only	38	68	708	-	-
seg008	do_fileselect_dialog	pending	asm_only	4	84	671	-	-
seg008	file_build_path	ported	c_active_with_asm	10	10	45	src/restunts/c/fileio.c:257	-
seg008	do_savefile_dialog	pending	asm_only	2	24	125	-	-
seg008	parse_filepath_separators	pending	asm_only	2	2	38	-	-
seg008	input_checking	pending	asm_only	16	14	171	-	-
seg008	input_do_checking	pending	asm_only	13	2	9	-	-
seg008	file_load_resfile	ported	c_active_with_asm	17	14	55	src/restunts/c/fileio.c:919	-
seg008	unload_resource	ported	c_active_with_asm	19	2	9	src/restunts/c/fileio.c:946	-
seg008	locate_shape_alt	ported	c_active_with_asm	36	2	9	src/restunts/c/memmgr.c:651	-
seg008	locate_text_res	ported	c_active_with_asm	118	2	21	src/restunts/c/memmgr.c:672	-
seg008	copy_string	pending	asm_only	70	0	23	-	-
seg008	mouse_track_op	pending	asm_only	6	28	256	-	-
seg008	mouse_draw_transparent_check	pending	asm_only	37	2	8	-	-
seg008	mouse_draw_opaque_check	pending	asm_only	57	2	7	-	-
seg008	mouse_draw_opaque	pending	asm_only	3	8	20	-	-
seg008	mouse_draw_transparent	pending	asm_only	2	12	46	-	-
seg008	mouse_multi_hittest	pending	asm_only	11	0	44	-	-
seg008	check_input	pending	asm_only	18	6	27	-	-
seg008	nopsub_28F26	ignore	not_required	1	6	12	-	-
seg008	sprite_copy_2_to_1_2	ported	c_active_with_asm	28	2	8	src/restunts/c/shape2d.c:106	-
seg008	sprite_copy_2_to_1_clear	ported	c_active_with_asm	2	4	11	src/restunts/c/shape2d.c:110	-
seg008	sprite_copy_wnd_to_1	ported	c_active_with_asm	23	2	6	src/restunts/c/shape2d.c:115	-
seg008	sprite_copy_wnd_to_1_clear	ported	c_active_with_asm	7	4	9	src/restunts/c/shape2d.c:119	-
seg008	intro_draw_text	pending	asm_only	38	10	42	-	-
seg008	hiscore_draw_text	pending	asm_only	13	16	72	-	-
seg008	call_read_line	pending	asm_only	5	8	54	-	-
seg008	input_repeat_check	pending	asm_only	3	6	28	-	-
seg008	draw_lines_unk	pending	asm_only	3	24	142	-	-
seg008	draw_button	pending	asm_only	33	36	241	-	-
seg008	shape3d_init_shape	ported	c_active_with_asm	18	0	69	src/restunts/c/shape3d.c:82	-
seg008	font_op2_alt	pending	asm_only	25	2	12	-	-
seg008	sprite_blit_to_video	pending	asm_only	14	20	62	-	-
seg008	show_waiting	pending	asm_only	11	6	26	-	-
seg008	print_int_as_string_maybe	pending	asm_only	7	2	69	-	-
seg008	sub_29772	pending	asm_only	9	0	5	-	-
seg008	mouse_timer_sprite_unk	pending	asm_only	6	8	49	-	-
seg008	file_load_audiores	ported	c_active_with_asm	3	8	36	src/restunts/c/fileio.c:974	-
seg008	audio_unload	pending	asm_only	4	6	14	-	-
seg008	font_set_fontdef2	pending	asm_only	11	2	12	-	-
seg008	font_set_fontdef	pending	asm_only	11	2	6	-	-
seg008	format_frame_as_string	pending	asm_only	10	16	89	-	-
seg008	get_super_random	ported	c_active_with_asm	6	6	29	src/restunts/c/restunts.c:188	-
seg008	file_load_resource	ported	c_active_with_asm	23	20	74	src/restunts/c/fileio.c:856	-
seg008	sub_29A86	pending	asm_only	1	6	44	-	-
seg008	input_push_status	pending	asm_only	10	0	12	-	-
seg008	input_pop_status	pending	asm_only	10	2	17	-	-
seg008	do_joy_restext	pending	asm_only	1	42	226	-	-
seg008	do_key_restext	pending	asm_only	1	12	34	-	-
seg008	do_mou_restext	pending	asm_only	2	12	34	-	-
seg008	do_pau_restext	pending	asm_only	0	12	32	-	-
seg008	do_mof_restext	pending	asm_only	1	10	43	-	-
seg008	do_sonsof_restext	pending	asm_only	1	10	43	-	-
seg008	do_dos_restext	pending	asm_only	1	13	35	-	-
seg008	show_graphic_levels_menu	pending	asm_only	2	18	140	-	-
seg008	do_dea_textres	pending	asm_only	4	12	64	-	-
seg008	ensure_file_exists	pending	asm_only	11	8	40	-	-
seg008	do_mer_restext	pending	asm_only	1	4	24	-	-
seg008	timer_get_delta_alt	ported	c_active_with_asm	30	2	2	src/restunts/c/restunts.c:103	-
seg008	file_load_3dres	ported	c_active_with_asm	5	14	55	src/restunts/c/fileio.c:953	-
seg009	load_tracks_menu_shapes	pending	asm_only	1	232	2531	-	-
seg009	preRender_icons	pending	asm_only	1	14	196	-	-
seg009	draw_2DtrackMap	pending	asm_only	1	34	763	-	-
seg009	sub_2C81C	pending	asm_only	1	6	154	-	-
seg009	sub_2C9B4	pending	asm_only	2	0	229	-	-
seg010	start	ignore	not_required	0	24	156	-	-
seg010	libsub_quit_to_dos_alt	pending	asm_only	3	4	9	-	-
seg010	libsub_quit_to_dos	pending	asm_only	3	8	26	-	-
seg010	sub_2CE4A	pending	asm_only	1	1	18	-	-
seg010	sub_2CE77	pending	asm_only	8	1	9	-	-
seg010	__FF_MSGBANNER	ignore	not_required	3	5	14	-	-
seg010	__fptrap	ignore	not_required	5	0	2	-	-
seg010	__chkstk	ignore	not_required	1	0	19	-	-
seg010	__nullcheck	ignore	not_required	1	4	17	-	-
seg010	__setargv	ignore	not_required	1	0	204	-	-
seg010	__setenvp	ignore	not_required	1	2	59	-	-
seg010	__NMSG_TEXT	ignore	not_required	1	0	26	-	-
seg010	__NMSG_WRITE	ignore	not_required	6	2	21	-	-
seg010	__myalloc	ignore	not_required	1	4	48	-	-
seg010	__maperror	ignore	not_required	1	2	3	-	-
seg010	sub_2D1BC	pending	asm_only	3	0	22	-	-
seg010	_flushall	ignore	not_required	0	2	26	-	-
seg010	_printf	ignore	not_required	2	6	29	-	-
seg010	__flsbuf	ignore	not_required	4	10	140	-	-
seg010	__getbuf	ignore	not_required	1	2	43	-	-
seg010	__stbuf	ignore	not_required	1	0	52	-	-
seg010	__ftbuf	ignore	not_required	1	8	60	-	-
seg010	_fflush	ignore	not_required	3	2	48	-	-
seg010	__output	ignore	not_required	2	21	302	-	-
seg010	iprint	ignore	not_required	3	6	117	-	-
seg010	sprint	ignore	not_required	1	6	91	-	-
seg010	fprint	ignore	not_required	1	10	62	-	-
seg010	_outc	ignore	not_required	5	2	29	-	-
seg010	putpad	ignore	not_required	4	2	40	-	-
seg010	putbuf	ignore	not_required	3	2	44	-	-
seg010	_out	ignore	not_required	2	18	90	-	-
seg010	putsign	ignore	not_required	2	2	10	-	-
seg010	putprefix	ignore	not_required	2	4	17	-	-
seg010	getnum	ignore	not_required	2	0	56	-	-
seg010	flagchar	ignore	not_required	1	0	22	-	-
seg010	_lseek	ignore	not_required	1	0	46	-	-
seg010	_write	ignore	not_required	3	8	136	-	-
seg010	_stackavail	ignore	not_required	1	0	12	-	-
seg010	unknown_libname_1	ignore	not_required	0	0	9	-	-
seg010	unknown_libname_2	ignore	not_required	1	4	34	-	-
seg010	__amalloc	ignore	not_required	1	6	106	-	-
seg010	__amexpand	ignore	not_required	1	2	29	-	-
seg010	__amlink	ignore	not_required	3	2	18	-	-
seg010	__amallocbrk	ignore	not_required	2	2	21	-	-
seg010	_brkctl	ignore	not_required	1	4	53	-	-
seg010	sub_2E290	ignore	not_required	2	0	39	-	-
seg010	_strcat	ignore	not_required	28	0	31	-	-
seg010	_strcpy	ignore	not_required	29	0	26	-	-
seg010	_strcmp	ignore	not_required	3	0	22	-	-
seg010	_strlen	ignore	not_required	26	0	16	-	-
seg010	_itoa	ignore	not_required	1	0	14	-	-
seg010	_ultoa	ignore	not_required	1	0	6	-	-
seg010	_abort	ignore	not_required	1	5	14	-	-
seg010	_isatty	ignore	not_required	3	0	16	-	-
seg010	_int86	ignore	not_required	12	3	52	-	-
seg010	_sprintf	ignore	not_required	2	4	40	-	-
seg010	_stricmp	ignore	not_required	4	0	87	-	-
seg010	_abs	ignore	not_required	11	0	17	-	-
seg010	_raise	ignore	not_required	1	5	66	-	-
seg010	_srand	ignore	not_required	0	0	8	-	-
seg010	_rand	ignore	not_required	3	2	15	-	-
seg010	_signal	ignore	not_required	0	3	67	-	-
seg010	__sigentry	ignore	not_required	3	4	120	-	-
seg010	_strrchr	ignore	not_required	2	0	27	-	-
seg010	__aFldiv	ignore	not_required	38	0	74	-	-
seg010	__aFlmul	ignore	not_required	51	0	23	-	-
seg010	__aFlshr	ignore	not_required	2	0	7	-	-
seg010	unknown_libname_3	ignore	not_required	1	2	14	-	-
seg010	__aFFblmul	ignore	not_required	1	2	14	-	-
seg010	unknown_libname_4	ignore	not_required	3	2	14	-	-
seg010	unknown_libname_5	ignore	not_required	1	2	14	-	-
seg010	__aFuldiv	ignore	not_required	8	0	47	-	-
seg011	polarRadius3D	ported	c_active_with_asm	5	4	13	src/restunts/c/math.c:121	-
seg012	fatal_error	pending	asm_only	21	11	10	-	-
seg012	polarAngle	ported	c_active_with_asm	25	0	59	src/restunts/c/math.c:40	-
seg012	sub_2EAD4	pending	asm_only	5	0	5	-	-
seg012	set_add_value	pending	asm_only	2	4	15	-	-
seg012	sub_2EB07	pending	asm_only	1	2	9	-	-
seg012	sub_2EB1E	pending	asm_only	1	4	16	-	-
seg012	draw_line_related_alt	ported	c_active_with_asm	2	0	7	src/restunts/c/shape3d.c:3943	-
seg012	draw_line_related	ported	c_active_with_asm	4	0	752	src/restunts/c/shape3d.c:3938	-
seg012	parse_shape2d_helper	pending	asm_only	5	0	16	-	-
seg012	parse_shape2d_helper2	pending	asm_only	1	0	20	-	-
seg012	criterr_interrupt_handler	pending	asm_only	0	1	21	-	-
seg012	set_criterr_handler	pending	asm_only	1	2	28	-	-
seg012	criterr_exithandler	pending	asm_only	0	0	11	-	-
seg012	preRender_unk	ported	c_active_with_asm	1	0	29	src/restunts/c/shape3d.c:2836	-
seg012	nopsub_2F424	ignore	not_required	0	0	8	-	-
seg012	nopsub_2F436	ignore	not_required	0	0	1235	-	-
seg012	preRender_line	pending	asm_only	35	4	24	-	-
seg012	add_exit_handler	pending	asm_only	5	1	23	-	-
seg012	call_exitlist	pending	asm_only	2	1	13	-	-
seg012	call_exitlist2	pending	asm_only	1	3	5	-	-
seg012	file_paras	ported	c_active_with_asm	2	0	10	src/restunts/c/fileio.c:289	-
seg012	file_paras_nofatal	ported	c_active_with_asm	0	0	9	src/restunts/c/fileio.c:317	-
seg012	file_paras_fatal	ported	c_active_with_asm	0	1	64	src/restunts/c/fileio.c:312	-
seg012	file_decomp_paras	ported	c_active_with_asm	1	0	10	src/restunts/c/fileio.c:323	-
seg012	file_decomp_paras_nofatal	ported	c_active_with_asm	0	0	9	src/restunts/c/fileio.c:352	-
seg012	file_decomp_paras_fatal	ported	c_active_with_asm	0	1	66	src/restunts/c/fileio.c:347	-
seg012	file_find	ported	c_active_with_asm	6	0	44	src/restunts/c/fileio.c:201	-
seg012	file_find_next	ported	c_active_with_asm	1	0	13	src/restunts/c/fileio.c:233	-
seg012	multiply_and_scale	ported	c_active_with_asm	101	0	13	src/restunts/c/math.c:862	-
seg012	video_set_mode4	pending	asm_only	1	0	41	-	-
seg012	polarRadius2D	ported	c_active_with_asm	21	6	47	src/restunts/c/math.c:95	-
seg012	video_set_mode7	pending	asm_only	1	2	44	-	-
seg012	nopsub_30180	ignore	not_required	0	0	9	-	-
seg012	timer_setup_interrupt	pending	asm_only	1	2	72	-	-
seg012	audio_stop_unk	pending	asm_only	2	0	30	-	-
seg012	timer_reg_callback	pending	asm_only	3	1	19	-	-
seg012	timer_remove_callback	pending	asm_only	3	0	28	-	-
seg012	compare_ds_ss	pending	asm_only	2	0	7	-	-
seg012	timer_intr_callback	pending	asm_only	0	3	63	-	-
seg012	sub_303BA	pending	asm_only	1	1	10	-	-
seg012	set_bios_mode3	pending	asm_only	1	2	17	-	-
seg012	kb_parse_key	pending	asm_only	2	1	40	-	-
seg012	kb_reg_callback	pending	asm_only	9	0	35	-	-
seg012	nopsub_304AF	ignore	not_required	0	0	4	-	-
seg012	nopsub_304B6	ignore	not_required	0	4	41	-	-
seg012	kb_get_char	pending	asm_only	3	2	15	-	-
seg012	get_kb_or_joy_flags	pending	asm_only	6	2	46	-	-
seg012	nopsub_305C8	ignore	not_required	0	0	19	-	-
seg012	get_joy_flags	pending	asm_only	4	0	156	-	-
seg012	sub_307B4	pending	asm_only	1	0	6	-	-
seg012	sub_307D2	pending	asm_only	1	0	8	-	-
seg012	sub_307E3	pending	asm_only	1	0	9	-	-
seg012	nopsub_307FA	ignore	not_required	0	0	10	-	-
seg012	kb_init_interrupt	ported	c_active_with_asm	1	2	37	src/restunts/c/keyboard.c:152	-
seg012	kb_exit_handler	ported	c_active_with_asm	1	0	22	src/restunts/c/keyboard.c:168	-
seg012	kb_int9_handler	ported	c_active_with_asm	0	0	89	src/restunts/c/keyboard.c:36	-
seg012	kb_int16_handler	ported	c_active_with_asm	0	0	40	src/restunts/c/keyboard.c:104	-
seg012	kb_get_key_state	ported	c_active_with_asm	3	0	8	src/restunts/c/keyboard.c:179	-
seg012	kb_call_readchar_callback	ported	c_active_with_asm	5	1	2	src/restunts/c/keyboard.c:183	-
seg012	kb_read_char	ported	c_active_with_asm	1	0	11	src/restunts/c/keyboard.c:189	-
seg012	kb_checking	ported	c_active_with_asm	2	0	8	src/restunts/c/keyboard.c:203	-
seg012	nopsub_kb_set_readchar_callback	ignore	not_required	0	0	8	-	-
seg012	nopsub_kb_get_readchar_callback	ignore	not_required	0	0	3	-	-
seg012	flush_stdin	ported	c_active_with_asm	3	2	4	src/restunts/c/keyboard.c:212	-
seg012	kb_check	ported	c_active_with_asm	2	0	8	src/restunts/c/keyboard.c:219	-
seg012	nopsub_30A77	ignore	not_required	2	4	11	-	-
seg012	nopsub_30A97	ignore	not_required	0	6	22	-	-
seg012	file_read	ported	c_active_with_asm	2	0	8	src/restunts/c/fileio.c:358	-
seg012	file_read_nofatal	ported	c_active_with_asm	2	0	7	src/restunts/c/fileio.c:392	-
seg012	file_read_fatal	ported	c_active_with_asm	4	1	48	src/restunts/c/fileio.c:386	-
seg012	file_decomp_rle	ported	c_active_with_asm	1	6	63	src/restunts/c/fileio.c:548	-
seg012	file_decomp_rle_single	ported	c_active_with_asm	1	0	93	src/restunts/c/fileio.c:497	-
seg012	file_decomp_rle_seq	ported	c_active_with_asm	1	0	78	src/restunts/c/fileio.c:453	-
seg012	file_load_binary	ported	c_active_with_asm	2	0	7	src/restunts/c/fileio.c:835	-
seg012	file_load_binary_nofatal	ported	c_active_with_asm	8	8	36	src/restunts/c/fileio.c:848	-
seg012	file_decomp	ported	c_active_with_asm	3	0	9	src/restunts/c/fileio.c:740	-
seg012	file_decomp_nofatal	ported	c_active_with_asm	4	0	8	src/restunts/c/fileio.c:829	-
seg012	file_decomp_fatal	ported	c_active_with_asm	1	20	164	src/restunts/c/fileio.c:824	-
seg012	locate_shape_nofatal	ported	c_active_with_asm	8	0	8	src/restunts/c/memmgr.c:643	-
seg012	locate_shape_fatal	ported	c_active_with_asm	43	0	8	src/restunts/c/memmgr.c:647	-
seg012	locate_sound_fatal	ported	c_active_with_asm	1	1	96	src/restunts/c/memmgr.c:660	-
seg012	mmgr_alloc_resmem	ported	c_active_with_asm	2	0	46	src/restunts/c/memmgr.c:173	-
seg012	mmgr_alloc_a000	ported	c_active_with_asm	1	2	5	src/restunts/c/memmgr.c:217	-
seg012	nopsub_310FE	ignore	not_required	0	2	12	-	-
seg012	nopsub_3111D	ignore	not_required	0	0	22	-	-
seg012	nopsub_31157	ignore	not_required	0	0	6	-	-
seg012	nopsub_31169	ignore	not_required	0	0	6	-	-
seg012	mmgr_get_ofs_diff	ported	c_active_with_asm	1	0	6	src/restunts/c/memmgr.c:221	-
seg012	mmgr_copy_paras	ported	c_active_with_asm	3	0	36	src/restunts/c/memmgr.c:273	-
seg012	copy_paras_reverse	ported	c_active_with_asm	5	0	44	src/restunts/c/memmgr.c:301	-
seg012	mmgr_path_to_name	ported	c_active_with_asm	4	0	19	src/restunts/c/memmgr.c:97	-
seg012	mmgr_alloc_pages	ported	c_active_with_asm	8	4	66	src/restunts/c/memmgr.c:115	-
seg012	mmgr_find_free	ported	c_active_with_asm	1	2	45	src/restunts/c/memmgr.c:335	-
seg012	mmgr_get_chunk_by_name	ported	c_active_with_asm	5	6	72	src/restunts/c/memmgr.c:379	-
seg012	nopsub_31429	ignore	not_required	0	2	40	-	-
seg012	mmgr_free	ported	c_active_with_asm	23	3	62	src/restunts/c/memmgr.c:225	-
seg012	nopsub_31525	ignore	not_required	0	4	102	-	-
seg012	mmgr_release	ported	c_active_with_asm	12	0	24	src/restunts/c/memmgr.c:427	-
seg012	mmgr_get_chunk_size	ported	c_active_with_asm	2	0	18	src/restunts/c/memmgr.c:463	-
seg012	mmgr_resize_memory	ported	c_active_with_asm	2	2	56	src/restunts/c/memmgr.c:482	-
seg012	mmgr_op_unk	ported	c_active_with_asm	2	2	51	src/restunts/c/memmgr.c:539	-
seg012	preRender_default	ported	c_active_with_asm	1	0	7	src/restunts/c/shape3d.c:2808	-
seg012	preRender_default_alt	ported	c_active_with_asm	4	0	12	src/restunts/c/shape3d.c:2800	-
seg012	skybox_op_helper	ported	c_active_with_asm	2	0	7	src/restunts/c/shape3d.c:2816	-
seg012	preRender_wheel_helper4	ported	c_active_with_asm	2	17	193	src/restunts/c/shape3d.c:2824	-
seg012	preRender_helper	pending	asm_only	2	0	70	-	-
seg012	preRender_helper2	pending	asm_only	4	0	105	-	-
seg012	preRender_helper3	pending	asm_only	2	0	408	-	-
seg012	nopsub_31F39	ignore	not_required	0	0	12	-	-
seg012	nopsub_31F55	ignore	not_required	0	9	200	-	-
seg012	nopsub_3215A	ignore	not_required	1	0	10	-	-
seg012	nopsub_3216C	ignore	not_required	2	0	25	-	-
seg012	nopsub_3219D	ignore	not_required	6	10	100	-	-
seg012	nopsub_322B4	ignore	not_required	0	0	7	-	-
seg012	nopsub_322C0	ignore	not_required	0	0	12	-	-
seg012	nopsub_322DF	ignore	not_required	0	0	10	-	-
seg012	set_projection	ported	c_active_with_asm	4	10	92	src/restunts/c/shape3d.c:2643	-
seg012	vector_to_point	ported	c_active_with_asm	10	0	97	src/restunts/c/math.c:776	-
seg012	sprite_free_wnd	ported	c_active_with_asm	24	3	35	src/restunts/c/shape2d.c:88	-
seg012	file_write_nofatal	ported	c_active_with_asm	0	0	9	src/restunts/c/fileio.c:447	-
seg012	file_write_fatal	ported	c_active_with_asm	4	1	65	src/restunts/c/fileio.c:441	-
seg012	video_add_exithandler	pending	asm_only	1	2	15	-	-
seg012	video_on_exit	pending	asm_only	0	2	22	-	-
seg012	sprite_copy_both_to_arg	ported	c_active_with_asm	3	0	19	src/restunts/c/shape2d.c:124	-
seg012	sprite_copy_arg_to_both	ported	c_active_with_asm	3	0	17	src/restunts/c/shape2d.c:128	-
seg012	file_get_res_shape_count	ported	c_active_with_asm	3	0	9	src/restunts/c/shape2d.c:240	-
seg012	file_get_shape2d	ported	c_active_with_asm	8	0	44	src/restunts/c/shape2d.c:226	-
seg012	nopsub_326BA	ignore	not_required	0	0	16	-	-
seg012	sin_fast	ported	c_active_with_asm	33	0	36	src/restunts/c/math.c:22	-
seg012	cos_fast	ported	c_active_with_asm	35	0	6	src/restunts/c/math.c:36	-
seg012	nopsub_32738	ignore	not_required	0	0	7	-	-
seg012	nopsub_32746	ignore	not_required	0	0	6	-	-
seg012	nopsub_32751	ignore	not_required	0	0	6	-	-
seg012	transformed_shape_op_helper2	ported	c_active_with_asm	1	0	7	-	-
seg012	nopsub_3276A	ignore	not_required	0	0	7	-	-
seg012	timer_get_counter	ported	c_active_with_asm	9	0	5	src/restunts/c/restunts.c:70	Inline assembly was retired in Phase 1; DOS interrupt masking and assembly-owned timer storage remain.
seg012	timer_custom_delta	ported	c_active_with_asm	0	0	12	src/restunts/c/restunts.c:108	-
seg012	timer_get_delta	ported	c_active_with_asm	3	0	11	src/restunts/c/restunts.c:81	Inline assembly was retired in Phase 1; DOS interrupt masking and assembly-owned timer storage remain.
seg012	timer_reset	ported	c_active_with_asm	0	0	4	src/restunts/c/restunts.c:113	-
seg012	timer_copy_counter	ported	c_active_with_asm	5	2	9	src/restunts/c/restunts.c:118	-
seg012	timer_wait_for_dx	ported	c_active_with_asm	5	2	7	src/restunts/c/restunts.c:124	-
seg012	timer_compare_dx	ported	c_active_with_asm	1	2	10	src/restunts/c/restunts.c:134	-
seg012	timer_get_counter_unk	ported	c_active_with_asm	3	4	18	src/restunts/c/restunts.c:139	-
seg012	font_op	pending	asm_only	2	0	10	-	-
seg012	font_op2	pending	asm_only	18	0	32	-	-
seg012	preRender_patterned	ported	c_active_with_asm	1	0	26	src/restunts/c/shape3d.c:2846	-
seg012	nopsub_328C9	ignore	not_required	0	0	8	-	-
seg012	nopsub_328DB	ignore	not_required	0	0	9	-	-
seg012	mat_mul_vector	ported	c_active_with_asm	54	0	122	src/restunts/c/math.c:141	-
seg012	mat_multiply	ported	c_active_with_asm	7	0	60	src/restunts/c/math.c:187	-
seg012	mat_invert	ported	c_active_with_asm	3	0	48	src/restunts/c/math.c:217	-
seg012	file_unflip_shape2d	ported	c_active_with_asm	1	2	425	src/restunts/c/shape2d.c:244	-
seg012	file_decomp_vle	ported	c_active_with_asm	1	0	271	src/restunts/c/fileio.c:598	-
seg012	nopsub_32FEE	ignore	not_required	0	0	8	-	-
seg012	video_get_status	ported	c_active_with_asm	2	0	6	src/restunts/c/restunts.c:194	-
seg012	nopsub_33006	ignore	not_required	0	0	8	-	-
seg012	vector_op_unk	ported	c_active_with_asm	6	0	40	src/restunts/c/math.c:842	-
seg012	preRender_sphere	pending	asm_only	2	6	169	-	-
seg012	nopsub_3320E	ignore	not_required	0	0	43	-	-
seg012	sprite_set_1_size	pending	asm_only	49	0	14	-	-
seg012	video_clear_color	pending	asm_only	3	0	13	-	-
seg012	sprite_clear_1_color	ported	c_active_with_asm	24	0	49	src/restunts/c/restunts.c:1538	Timing calibration explicitly selects the preserved assembly implementation.
seg012	nopsub_33330	ignore	not_required	0	0	10	-	-
seg012	draw_unknown_lines	pending	asm_only	0	0	52	-	-
seg012	putpixel_line1_maybe	pending	asm_only	1	0	181	-	-
seg012	sprite_1_unk2	pending	asm_only	6	0	35	-	-
seg012	sprite_1_unk	pending	asm_only	17	0	86	-	-
seg012	sprite_1_unk3	pending	asm_only	1	0	76	-	-
seg012	font_draw_text	pending	asm_only	28	0	89	-	-
seg012	video_set_mode_13h	pending	asm_only	1	4	19	-	-
seg012	file_load_shape2d_res_fatal_thunk	ignore	not_required	0	0	1	-	-
seg012	file_load_shape2d_res_nofatal_thunk	ignore	not_required	1	0	1	-	-
seg012	file_load_shape2d_res_thunk	ignore	not_required	0	0	1	-	-
seg012	parse_shape2d_thunk	ignore	not_required	0	0	1	-	-
seg012	file_load_shape2d_fatal_thunk	ignore	not_required	5	0	1	-	-
seg012	file_load_shape2d_nofatal_thunk	ignore	not_required	2	0	1	-	-
seg012	file_load_shape2d_thunk	ignore	not_required	0	0	2	-	-
seg012	sprite_putimage_and_alt2	pending	asm_only	2	0	16	-	-
seg012	sprite_putimage_and	pending	c_translation_inactive	5	0	157	src/restunts/c/shape2d.c:195	The C wrapper is disabled with #if 0 and calls preserved assembly.
seg012	nopsub_339FA	ignore	not_required	0	0	16	-	-
seg012	putpixel_iconMask	pending	asm_only	3	0	78	-	-
seg012	nopsub_33AC0	ignore	not_required	0	0	16	-	-
seg012	nopsub_33AE4	ignore	not_required	0	0	14	-	-
seg012	shape2d_render_bmp_as_mask	pending	asm_only	3	0	66	-	-
seg012	nopsub_33B98	ignore	not_required	0	0	16	-	-
seg012	sprite_putimage_and_alt	pending	asm_only	25	0	14	-	-
seg012	sprite_putimage	pending	c_translation_inactive	13	0	127	src/restunts/c/shape2d.c:165	The C translation is disabled with #if 0 and documents a known rendering failure.
seg012	nopsub_33D0C	ignore	not_required	0	0	16	-	-
seg012	sprite_shape_to_1	pending	asm_only	14	0	14	-	-
seg012	sprite_shape_to_1_alt	pending	asm_only	7	0	52	-	-
seg012	nopsub_33DBE	ignore	not_required	0	0	16	-	-
seg012	shape2d_op_unk5	pending	asm_only	7	0	14	-	-
seg012	shape2d_op_unk	pending	asm_only	6	0	64	-	-
seg012	nopsub_33E90	ignore	not_required	0	0	16	-	-
seg012	shape2d_op_unk2	pending	asm_only	2	0	14	-	-
seg012	shape2d_op_unk3	pending	asm_only	3	0	179	-	-
seg012	sprite_putimage_or_alt	pending	asm_only	2	0	16	-	-
seg012	sprite_putimage_or	pending	c_translation_inactive	5	0	173	src/restunts/c/shape2d.c:202	The C wrapper is disabled with #if 0 and calls preserved assembly.
seg012	putpixel_iconFillings	pending	asm_only	3	0	108	-	-
seg012	shape2d_op_unk4	pending	asm_only	2	0	82	-	-
seg012	sprite_putimage_transparent	pending	asm_only	5	0	162	-	-
seg012	sub_34526	pending	asm_only	3	0	65	-	-
seg012	sub_345BC	pending	asm_only	16	0	101	-	-
seg012	video_set_palette	pending	asm_only	1	0	13	-	-
seg012	draw_filled_lines	pending	asm_only	1	0	57	-	-
seg012	nopsub_34736	ignore	not_required	0	0	16	-	-
seg012	sprite_clear_shape_alt	pending	asm_only	6	0	16	-	-
seg012	sprite_clear_shape	pending	asm_only	1	0	39	-	-
seg012	shape_op_explosion	pending	asm_only	1	0	156	-	-
seg012	font_set_unk	pending	asm_only	22	0	55	-	-
seg012	set_fontdefseg	pending	asm_only	1	0	15	-	-
seg012	draw_patterned_lines	pending	asm_only	0	0	51	-	-
seg012	sprite_make_wnd	ported	c_active_with_asm	25	3	80	src/restunts/c/shape2d.c:26	-
seg012	sprite_set_1_from_argptr	ported	c_active_with_asm	15	0	18	src/restunts/c/shape2d.c:98	-
seg012	sprite_copy_2_to_1	ported	c_active_with_asm	9	2	8	src/restunts/c/shape2d.c:102	-
seg012	putpixel_single_maybe	pending	asm_only	5	0	35	-	-
seg012	sub_35B76	pending	asm_only	5	0	93	-	-
seg012	sub_35C4E	pending	asm_only	2	0	50	-	-
seg012	sub_35DC8	pending	asm_only	0	0	18	-	-
seg012	sub_35DE6	pending	asm_only	0	0	19	-	-
seg012	sub_35E08	pending	asm_only	0	0	136	-	-
seg012	file_load_shape2d_palmap_apply	ported	c_active_with_asm	1	2	39	src/restunts/c/shape2d.c:499	-
seg012	file_load_shape2d_expand	ported	c_active_with_asm	1	4	138	src/restunts/c/shape2d.c:387	-
seg012	file_unflip_shape2d_pes	ported	c_active_with_asm	1	2	81	src/restunts/c/shape2d.c:345	-
seg013	sprite_1_unk4	pending	asm_only	4	8	49	-	-
seg014	preRender_wheel_helper3	pending	asm_only	2	24	174	-	-
seg015	preRender_sphere_helper2	pending	asm_only	1	56	346	-	-
seg016	locate_many_resources	ported	c_active_with_asm	12	2	20	src/restunts/c/memmgr.c:664	-
seg016	nopsub_367E4	ignore	not_required	0	2	26	-	-
seg016	nopsub_36826	ignore	not_required	0	2	26	-	-
seg016	nopsub_36868	ignore	not_required	0	2	26	-	-
seg017	mouse_set_pixratio	pending	asm_only	1	2	16	-	-
seg017	mouse_init	pending	asm_only	1	8	54	-	-
seg017	mouse_set_minmax	pending	asm_only	3	10	76	-	-
seg017	mouse_set_position	pending	asm_only	1	2	20	-	-
seg017	mouse_get_state	pending	asm_only	3	2	23	-	-
seg017	nopsub_36A9A	ignore	not_required	0	2	19	-	-
seg017	nopsub_36ACA	ignore	not_required	0	2	16	-	-
seg018	kb_shift_checking1	pending	asm_only	1	2	5	-	-
seg018	kb_shift_checking2	pending	asm_only	1	2	5	-	-
seg019	preRender_wheel_helper2	pending	asm_only	1	12	63	-	-
seg020	preRender_sphere_helper	pending	asm_only	1	4	17	-	-
seg021	heapsort_by_order	ported	c_active_with_asm	2	0	66	src/restunts/c/heapsort.c:54	-
seg022	preRender_wheel	pending	asm_only	1	12	177	-	-
seg023	preRender_wheel_helper	pending	asm_only	1	2	38	-	-
seg024	mat_rot_x	ported	c_active_with_asm	2	4	28	src/restunts/c/math.c:247	-
seg024	mat_rot_y	ported	c_active_with_asm	10	4	28	src/restunts/c/math.c:263	-
seg024	mat_rot_z	ported	c_active_with_asm	1	4	27	src/restunts/c/math.c:279	-
seg025	sub_3702E	pending	asm_only	2	8	54	-	-
seg026	toupper	ported	c_active_with_asm	2	0	10	src/restunts/c/restunts.c:226	-
seg027	init_audio_resources	pending	asm_only	9	10	67	-	-
seg027	load_audio_finalize	pending	asm_only	1	5	58	-	-
seg027	audio_unk	pending	asm_only	7	5	82	-	-
seg027	sub_372F4	pending	asm_only	7	3	43	-	-
seg027	sub_3736A	pending	asm_only	2	6	29	-	-
seg027	audio_enable_flag2	pending	asm_only	1	0	2	-	-
seg027	audio_disable_flag2	pending	asm_only	1	4	15	-	-
seg027	audio_toggle_flag2	pending	asm_only	2	4	10	-	-
seg027	nopsub_373FE	ignore	not_required	0	0	42	-	-
seg027	nopsub_37456	ignore	not_required	0	2	13	-	-
seg027	sub_37470	pending	asm_only	1	0	45	-	-
seg027	sub_374DE	pending	asm_only	1	2	13	-	-
seg027	audio_check_flag2	pending	asm_only	1	2	16	-	-
seg027	audio_check_flag	pending	asm_only	9	4	125	-	-
seg027	audio_init_chunk2	pending	asm_only	6	4	32	-	-
seg027	audio_enable_flag6	pending	asm_only	1	2	22	-	-
seg027	audio_disable_flag6	pending	asm_only	1	2	27	-	-
seg027	audio_toggle_flag6	pending	asm_only	2	4	10	-	-
seg027	sub_3771E	pending	asm_only	2	0	21	-	-
seg027	nopsub_37750	ignore	not_required	0	0	12	-	-
seg027	audio_driver_func3F	pending	asm_only	1	18	91	-	-
seg027	sub_37868	pending	asm_only	2	2	25	-	-
seg027	nopsub_37898	ignore	not_required	0	2	11	-	-
seg027	nopsub_378AE	ignore	not_required	0	0	7	-	-
seg027	nopsub_378BC	ignore	not_required	0	0	7	-	-
seg027	audio_load_driver	pending	asm_only	1	20	154	-	-
seg027	audiodrv_atexit	pending	asm_only	2	7	57	-	-
seg027	load_sfx_ge	pending	asm_only	6	26	104	-	-
seg027	sub_37C38	pending	asm_only	0	0	7	-	-
seg027	load_sfx_file	pending	asm_only	1	5	47	-	-
seg027	load_song_file	pending	asm_only	1	3	30	-	-
seg027	load_voice_file	pending	asm_only	1	5	47	-	-
seg027	nopsub_37D7A	ignore	not_required	0	3	27	-	-
seg027	audio_init_chunk	pending	asm_only	6	4	92	-	-
seg027	audio_map_song_instruments	pending	asm_only	1	20	133	-	-
seg027	sub_3803C	pending	asm_only	0	6	106	-	-
seg027	sub_38156	pending	asm_only	1	0	13	-	-
seg027	sub_38178	pending	asm_only	2	5	82	-	-
seg027	audio_map_song_tracks	pending	asm_only	1	24	271	-	-
seg027	audioresource_get_dword	pending	asm_only	8	0	11	-	-
seg027	audioresource_get_word	pending	asm_only	2	0	10	-	-
seg027	audioresource_copy_4_bytes	pending	asm_only	5	12	108	-	-
seg028	audiodriver_timer	pending	asm_only	0	8	29	-	-
seg028	sub_3868A	pending	asm_only	1	4	32	-	-
seg028	sub_386D6	pending	asm_only	1	2	21	-	-
seg028	sub_38702	pending	asm_only	2	24	380	-	-
seg028	sub_38AC4	pending	asm_only	1	0	18	-	-
seg028	sub_38AEA	pending	asm_only	1	2	97	-	-
seg028	sub_38BEA	pending	asm_only	1	1	40	-	-
seg028	audio_unk2	pending	asm_only	10	2	72	-	-
seg028	sub_38CF8	pending	asm_only	1	2	93	-	-
seg028	sub_38DE6	pending	asm_only	2	5	230	-	-
seg028	sub_39050	pending	asm_only	1	2	21	-	-
seg028	sub_39088	pending	asm_only	1	6	366	-	-
seg028	sub_3945A	pending	asm_only	2	4	192	-	-
seg028	sub_3963C	pending	asm_only	2	2	36	-	-
seg028	sub_3968A	pending	asm_only	2	1	49	-	-
seg028	sub_39700	pending	asm_only	3	5	217	-	-
seg028	audio_driver_func1E	pending	asm_only	5	2	131	-	-
seg029	audioresource_compare_chunknames	pending	asm_only	2	4	58	-	-
seg029	audioresource_get_chunk_index	pending	asm_only	3	2	59	-	-
seg029	audioresource_find	pending	asm_only	12	4	69	-	-
seg029	audioresource_copy_n_bytes	pending	asm_only	2	0	31	-	-
seg030	audio_make_filename	pending	asm_only	7	4	149	-	-
seg031	file_load_shape2d_nofatal2	ported	c_active_with_asm	1	2	7	src/restunts/c/shape2d.c:616	-
seg031	file_combine_and_find	ported	c_active_with_asm	2	4	16	src/restunts/c/fileio.c:279	-
seg031	file_find_next_alt	ported	c_active_with_asm	2	2	2	src/restunts/c/fileio.c:250	-
seg031	nullsub_1	pending	asm_only	4	0	2	-	-
seg031	nullsub_2	pending	asm_only	5	0	2	-	-
seg031	init_main	ported	c_active_with_asm	1	75	378	src/restunts/c/restunts.c:1428	-
seg031	random_wait	ported	c_active_with_asm	2	12	44	src/restunts/c/restunts.c:199	-
seg031	load_palandcursor	pending	asm_only	1	34	129	-	-
seg031	get_0	ported	c_active_with_asm	2	0	3	src/restunts/c/restunts.c:72	-
seg031	mmgr_alloc_resbytes	ported	c_active_with_asm	5	4	17	src/restunts/c/memmgr.c:168	-
seg031	mmgr_get_res_ofs_diff_scaled	ported	c_active_with_asm	3	2	8	src/restunts/c/memmgr.c:586	-
seg031	mmgr_get_chunk_size_bytes	ported	c_active_with_asm	1	2	14	src/restunts/c/memmgr.c:591	-
seg032	read_line	pending	asm_only	1	51	283	-	-
seg032	read_line_helper	pending	asm_only	12	12	52	-	-
seg032	read_line_helper2	pending	asm_only	2	14	62	-	-
seg033	setup_mcgawnd1	ported	c_active_with_asm	4	6	25	src/restunts/c/shape2d.c:208	-
seg033	setup_mcgawnd2	ported	c_active_with_asm	8	4	18	src/restunts/c/shape2d.c:217	-
seg034	file_load_shape2d_fatal	ported	c_active_with_asm	1	2	11	src/restunts/c/shape2d.c:608	-
seg034	file_load_shape2d_nofatal	ported	c_active_with_asm	1	2	10	src/restunts/c/shape2d.c:612	-
seg034	file_load_shape2d	ported	c_active_with_asm	4	60	252	src/restunts/c/shape2d.c:543	-
seg034	file_load_shape2d_palmap_init	ported	c_active_with_asm	1	0	16	src/restunts/c/shape2d.c:491	-
seg035	file_load_shape2d_res_fatal	ported	c_active_with_asm	1	2	11	src/restunts/c/shape2d.c:642	-
seg035	file_load_shape2d_res_nofatal	ported	c_active_with_asm	1	2	10	src/restunts/c/shape2d.c:646	-
seg035	file_load_shape2d_res	ported	c_active_with_asm	3	16	60	src/restunts/c/shape2d.c:622	-
seg035	parse_shape2d	pending	asm_only	2	22	258	-	-
seg035	parse_shape2d_helper3	pending	asm_only	1	0	18	-	-
seg036	file_get_unflip_size	ported	c_active_with_asm	1	4	39	src/restunts/c/shape2d.c:459	-
seg037	file_load_shape2d_expandedsize	ported	c_active_with_asm	1	6	50	src/restunts/c/shape2d.c:474	-
